path	bytes	extension	area
./.env	0	env	root
./.github/workflows/ci.yml	1003	yml	root
./.github/workflows/deploy-staging.yml	1734	yml	root
./.github/workflows/integration.yml	1150	yml	root
./.github/workflows/tree-sync.yml	4305	yml	root
./.gitignore	132	gitignore	root
./Dockerfile	223	[none]	root
./GITHUB-REPOSITORIES.md	839	md	root
./LICENSE	35149	[none]	root
./README.md	14090	md	root
./api/[...all].ts	242	ts	root
./api/community/feed.ts	78	ts	root
./api/system/[stream].ts	84	ts	root
./api/system/[stream]/refresh.ts	87	ts	root
./docker-compose.yml	443	yml	root
./docs/DEVELOPER-ONBOARDING.md	4627	md	docs
./docs/MARKDOWN-RENDERER.md	8128	md	docs
./docs/PHASE-PLANS.md	8520	md	docs
./docs/REMAINING.md	15596	md	docs
./docs/phase1/CANDIDATE-CLASSIFICATION.txt	17736	txt	docs
./docs/phase1/FILE-AREA-INVENTORY.txt	4696	txt	docs
./docs/phase1/FILE-INVENTORY.tsv	26	tsv	docs
./docs/phase1/FILE-RESPONSIBILITY-MANIFEST.json	147828	json	docs
./docs/phase1/FILE-RESPONSIBILITY-MANIFEST.md	86113	md	docs
./docs/phase1/FILE-REVAMP-DESIGN.md	7756	md	docs
./docs/phase1/NEXT-CLEANUP-ROADMAP.md	6762	md	docs
./docs/phase1/PHASE-I-PLAN.md	13487	md	docs
./docs/phase1/PHASE-I-VERIFICATION.md	5263	md	docs
./docs/phase1/PUBLIC-ASSET-INVENTORY.txt	13370	txt	docs
./docs/phase1/REACHABILITY-INDEX.txt	13177	txt	docs
./docs/phase1/REAL-ARCHITECTURE.md	22527	md	docs
./docs/phase1/REMOVAL-CANDIDATE-REFERENCES.txt	1917	txt	docs
./docs/phase1/STREAM-CLEANUP-VERIFICATION.md	3751	md	docs
./docs/phase1/STREAM-TERMINOLOGY-AUDIT.md	3292	md	docs
./docs/phase1/architecture-real.mmd	4123	mmd	docs
./docs/phase1/architecture-real.png	590915	png	docs
./docs/phases/phase-1.md	523	md	docs
./docs/phases/phase-2.md	456	md	docs
./docs/phases/phase-3.md	426	md	docs
./docs/phases/phase-4.md	526	md	docs
./docs/phases/phase-5.md	382	md	docs
./docs/phases/phase-6.md	389	md	docs
./favicon.png	1398285	png	root
./files.json	5701	json	root
./fmtree.py	5445	py	root
./index.html	39242	html	root
./installer.html	59332	html	root
./logs/admin-actions.log	4970	log	root
./offline.html	1933	html	root
./package-lock.json	199589	json	root
./package.json	1804	json	root
./public/bin/tikzjax/core.dump.gz	1259233	gz	public-other
./public/bin/tikzjax/css/bakoma/ttf/cmr10.ttf	31172	ttf	public-other
./public/bin/tikzjax/css/fonts.css	9818	css	public-other
./public/bin/tikzjax/output/fonts.css	4791051	css	public-other
./public/bin/tikzjax/output/tex.wasm.gz	128615	gz	public-other
./public/bin/tikzjax/output/tikzjax.js	4307582	js	public-other
./public/bin/tikzjax/tex-mml-chtml.js	998772	js	public-other
./public/bin/tikzjax/tex.wasm.gz	128615	gz	public-other
./public/bin/tikzjax/tex_files.json	5407	json	public-other
./public/bin/tikzjax/tex_files/amsbsy.sty.gz	1042	gz	public-other
./public/bin/tikzjax/tex_files/amscd.sty.gz	2004	gz	public-other
./public/bin/tikzjax/tex_files/amsfonts.sty.gz	1982	gz	public-other
./public/bin/tikzjax/tex_files/amsgen.sty.gz	1769	gz	public-other
./public/bin/tikzjax/tex_files/amsmath-2018-12-01.sty.gz	18643	gz	public-other
./public/bin/tikzjax/tex_files/amsmath.sty.gz	19150	gz	public-other
./public/bin/tikzjax/tex_files/amsopn.sty.gz	1464	gz	public-other
./public/bin/tikzjax/tex_files/amssymb.sty.gz	2733	gz	public-other
./public/bin/tikzjax/tex_files/amstex.sty.gz	16764	gz	public-other
./public/bin/tikzjax/tex_files/amstext.sty.gz	1081	gz	public-other
./public/bin/tikzjax/tex_files/amsxtra.sty.gz	923	gz	public-other
./public/bin/tikzjax/tex_files/array.sty.gz	3961	gz	public-other
./public/bin/tikzjax/tex_files/chemfig.sty.gz	253	gz	public-other
./public/bin/tikzjax/tex_files/chemfig.tex.gz	25242	gz	public-other
./public/bin/tikzjax/tex_files/circuitikz-0.4.sty.gz	31869	gz	public-other
./public/bin/tikzjax/tex_files/circuitikz-0.6.sty.gz	38054	gz	public-other
./public/bin/tikzjax/tex_files/circuitikz-0.7.sty.gz	39218	gz	public-other
./public/bin/tikzjax/tex_files/circuitikz-0.8.3.sty.gz	41360	gz	public-other
./public/bin/tikzjax/tex_files/circuitikz-0.9.3.sty.gz	69433	gz	public-other
./public/bin/tikzjax/tex_files/circuitikz-0.9.6.sty.gz	77654	gz	public-other
./public/bin/tikzjax/tex_files/circuitikz.sty.gz	2274	gz	public-other
./public/bin/tikzjax/tex_files/cmmib57.sty.gz	631	gz	public-other
./public/bin/tikzjax/tex_files/ctikzstyle-example.tex.gz	208	gz	public-other
./public/bin/tikzjax/tex_files/ctikzstyle-legacy.tex.gz	1040	gz	public-other
./public/bin/tikzjax/tex_files/ctikzstyle-romano.tex.gz	750	gz	public-other
./public/bin/tikzjax/tex_files/eucal.sty.gz	733	gz	public-other
./public/bin/tikzjax/tex_files/eufrak.sty.gz	735	gz	public-other
./public/bin/tikzjax/tex_files/euscript.sty.gz	717	gz	public-other
./public/bin/tikzjax/tex_files/ifthen.sty.gz	1837	gz	public-other
./public/bin/tikzjax/tex_files/pgfcalendar.code.tex.gz	6271	gz	public-other
./public/bin/tikzjax/tex_files/pgfcalendar.sty.gz	236	gz	public-other
./public/bin/tikzjax/tex_files/pgfcirc.defines.tex.gz	13162	gz	public-other
./public/bin/tikzjax/tex_files/pgfcircbipoles.tex.gz	15743	gz	public-other
./public/bin/tikzjax/tex_files/pgfcirccurrent.tex.gz	1341	gz	public-other
./public/bin/tikzjax/tex_files/pgfcircflow.tex.gz	1305	gz	public-other
./public/bin/tikzjax/tex_files/pgfcirclabel.tex.gz	3271	gz	public-other
./public/bin/tikzjax/tex_files/pgfcircmonopoles.tex.gz	4301	gz	public-other
./public/bin/tikzjax/tex_files/pgfcircmultipoles.tex.gz	11275	gz	public-other
./public/bin/tikzjax/tex_files/pgfcircpath.tex.gz	7656	gz	public-other
./public/bin/tikzjax/tex_files/pgfcircquadpoles.tex.gz	3903	gz	public-other
./public/bin/tikzjax/tex_files/pgfcircshapes.tex.gz	3731	gz	public-other
./public/bin/tikzjax/tex_files/pgfcirctripoles.tex.gz	19717	gz	public-other
./public/bin/tikzjax/tex_files/pgfcircutils.tex.gz	707	gz	public-other
./public/bin/tikzjax/tex_files/pgfcircvoltage.tex.gz	3670	gz	public-other
./public/bin/tikzjax/tex_files/pgfint.code.tex.gz	1225	gz	public-other
./public/bin/tikzjax/tex_files/pgflibraryarrows.code.tex.gz	2885	gz	public-other
./public/bin/tikzjax/tex_files/pgflibraryarrows.meta.code.tex.gz	7681	gz	public-other
./public/bin/tikzjax/tex_files/pgflibrarybbox.code.tex.gz	1113	gz	public-other
./public/bin/tikzjax/tex_files/pgflibrarycurvilinear.code.tex.gz	3176	gz	public-other
./public/bin/tikzjax/tex_files/pgflibrarydatavisualization.barcharts.code.tex.gz	1199	gz	public-other
./public/bin/tikzjax/tex_files/pgflibrarydatavisualization.formats.functions.code.tex.gz	1989	gz	public-other
./public/bin/tikzjax/tex_files/pgflibrarydatavisualization.polar.code.tex.gz	1826	gz	public-other
./public/bin/tikzjax/tex_files/pgflibrarydecorations.footprints.code.tex.gz	3208	gz	public-other
./public/bin/tikzjax/tex_files/pgflibrarydecorations.fractals.code.tex.gz	435	gz	public-other
./public/bin/tikzjax/tex_files/pgflibrarydecorations.markings.code.tex.gz	1450	gz	public-other
./public/bin/tikzjax/tex_files/pgflibrarydecorations.pathmorphing.code.tex.gz	1587	gz	public-other
./public/bin/tikzjax/tex_files/pgflibrarydecorations.pathreplacing.code.tex.gz	1464	gz	public-other
./public/bin/tikzjax/tex_files/pgflibrarydecorations.shapes.code.tex.gz	3409	gz	public-other
./public/bin/tikzjax/tex_files/pgflibrarydecorations.text.code.tex.gz	2435	gz	public-other
./public/bin/tikzjax/tex_files/pgflibraryfadings.code.tex.gz	558	gz	public-other
./public/bin/tikzjax/tex_files/pgflibraryfixedpointarithmetic.code.tex.gz	2311	gz	public-other
./public/bin/tikzjax/tex_files/pgflibraryfpu.code.tex.gz	14538	gz	public-other
./public/bin/tikzjax/tex_files/pgflibraryintersections.code.tex.gz	8139	gz	public-other
./public/bin/tikzjax/tex_files/pgflibrarylindenmayersystems.code.tex.gz	1720	gz	public-other
./public/bin/tikzjax/tex_files/pgflibrarypatterns.code.tex.gz	1200	gz	public-other
./public/bin/tikzjax/tex_files/pgflibrarypatterns.meta.code.tex.gz	2880	gz	public-other
./public/bin/tikzjax/tex_files/pgflibrarypgfplots.surfshading.code.tex.gz	5700	gz	public-other
./public/bin/tikzjax/tex_files/pgflibraryplotmarks.code.tex.gz	1710	gz	public-other
./public/bin/tikzjax/tex_files/pgflibraryshadings.code.tex.gz	2085	gz	public-other
./public/bin/tikzjax/tex_files/pgflibraryshapes.arrows.code.tex.gz	6765	gz	public-other
./public/bin/tikzjax/tex_files/pgflibraryshapes.callouts.code.tex.gz	5082	gz	public-other
./public/bin/tikzjax/tex_files/pgflibraryshapes.gates.ee.IEC.code.tex.gz	2427	gz	public-other
./public/bin/tikzjax/tex_files/pgflibraryshapes.gates.ee.code.tex.gz	1184	gz	public-other
./public/bin/tikzjax/tex_files/pgflibraryshapes.gates.logic.IEC.code.tex.gz	2494	gz	public-other
./public/bin/tikzjax/tex_files/pgflibraryshapes.gates.logic.US.code.tex.gz	6418	gz	public-other
./public/bin/tikzjax/tex_files/pgflibraryshapes.gates.logic.code.tex.gz	841	gz	public-other
./public/bin/tikzjax/tex_files/pgflibraryshapes.geometric.code.tex.gz	17801	gz	public-other
./public/bin/tikzjax/tex_files/pgflibraryshapes.misc.code.tex.gz	5121	gz	public-other
./public/bin/tikzjax/tex_files/pgflibraryshapes.multipart.code.tex.gz	6988	gz	public-other
./public/bin/tikzjax/tex_files/pgflibraryshapes.symbols.code.tex.gz	13147	gz	public-other
./public/bin/tikzjax/tex_files/pgflibrarysvg.path.code.tex.gz	2967	gz	public-other
./public/bin/tikzjax/tex_files/pgfmoduleanimations.code.tex.gz	9719	gz	public-other
./public/bin/tikzjax/tex_files/pgfmodulebending.code.tex.gz	2541	gz	public-other
./public/bin/tikzjax/tex_files/pgfmoduledatavisualization.code.tex.gz	22689	gz	public-other
./public/bin/tikzjax/tex_files/pgfmoduledecorations.code.tex.gz	12161	gz	public-other
./public/bin/tikzjax/tex_files/pgfmodulenonlineartransformations.code.tex.gz	3043	gz	public-other
./public/bin/tikzjax/tex_files/pgfmoduleoo.code.tex.gz	7251	gz	public-other
./public/bin/tikzjax/tex_files/pgfmoduleparser.code.tex.gz	3723	gz	public-other
./public/bin/tikzjax/tex_files/pgfplots.code.tex.gz	95833	gz	public-other
./public/bin/tikzjax/tex_files/pgfplots.errorbars.code.tex.gz	4185	gz	public-other
./public/bin/tikzjax/tex_files/pgfplots.markers.code.tex.gz	3914	gz	public-other
./public/bin/tikzjax/tex_files/pgfplots.paths.code.tex.gz	1014	gz	public-other
./public/bin/tikzjax/tex_files/pgfplots.revision.tex.gz	206	gz	public-other
./public/bin/tikzjax/tex_files/pgfplots.scaling.code.tex.gz	29322	gz	public-other
./public/bin/tikzjax/tex_files/pgfplots.sty.gz	1762	gz	public-other
./public/bin/tikzjax/tex_files/pgfplotsarray.code.tex.gz	5717	gz	public-other
./public/bin/tikzjax/tex_files/pgfplotsbinary.code.tex.gz	6294	gz	public-other
./public/bin/tikzjax/tex_files/pgfplotsbinary.data.code.tex.gz	1774	gz	public-other
./public/bin/tikzjax/tex_files/pgfplotscolor.code.tex.gz	5512	gz	public-other
./public/bin/tikzjax/tex_files/pgfplotscolormap.code.tex.gz	19600	gz	public-other
./public/bin/tikzjax/tex_files/pgfplotscoordprocessing.code.tex.gz	77250	gz	public-other
./public/bin/tikzjax/tex_files/pgfplotscore.code.tex.gz	6579	gz	public-other
./public/bin/tikzjax/tex_files/pgfplotsdeque.code.tex.gz	1497	gz	public-other
./public/bin/tikzjax/tex_files/pgfplotslibrary.code.tex.gz	1142	gz	public-other
./public/bin/tikzjax/tex_files/pgfplotsliststructure.code.tex.gz	3889	gz	public-other
./public/bin/tikzjax/tex_files/pgfplotsliststructureext.code.tex.gz	3801	gz	public-other
./public/bin/tikzjax/tex_files/pgfplotsmatrix.code.tex.gz	4201	gz	public-other
./public/bin/tikzjax/tex_files/pgfplotsmeshplothandler.code.tex.gz	28147	gz	public-other
./public/bin/tikzjax/tex_files/pgfplotsmeshplotimage.code.tex.gz	5115	gz	public-other
./public/bin/tikzjax/tex_files/pgfplotsoldpgfsupp_loader.code.tex.gz	3324	gz	public-other
./public/bin/tikzjax/tex_files/pgfplotsplothandlers.code.tex.gz	24781	gz	public-other
./public/bin/tikzjax/tex_files/pgfplotsstackedplots.code.tex.gz	6739	gz	public-other
./public/bin/tikzjax/tex_files/pgfplotssysgeneric.code.tex.gz	1359	gz	public-other
./public/bin/tikzjax/tex_files/pgfplotstableshared.code.tex.gz	17962	gz	public-other
./public/bin/tikzjax/tex_files/pgfplotsticks.code.tex.gz	21462	gz	public-other
./public/bin/tikzjax/tex_files/pgfplotsutil.code.tex.gz	16330	gz	public-other
./public/bin/tikzjax/tex_files/pgfplotsutil.verb.code.tex.gz	1299	gz	public-other
./public/bin/tikzjax/tex_files/pgfsys-luatex.def.gz	3302	gz	public-other
./public/bin/tikzjax/tex_files/pgfsysanimations.code.tex.gz	9659	gz	public-other
./public/bin/tikzjax/tex_files/quiver.sty.gz	770	gz	public-other
./public/bin/tikzjax/tex_files/simplekv.sty.gz	152	gz	public-other
./public/bin/tikzjax/tex_files/simplekv.tex.gz	4955	gz	public-other
./public/bin/tikzjax/tex_files/t-chemfig.tex.gz	145	gz	public-other
./public/bin/tikzjax/tex_files/t-circuitikz-0.8.3.tex.gz	40758	gz	public-other
./public/bin/tikzjax/tex_files/t-circuitikz-0.9.3.tex.gz	68363	gz	public-other
./public/bin/tikzjax/tex_files/t-circuitikz-0.9.6.tex.gz	76542	gz	public-other
./public/bin/tikzjax/tex_files/t-circuitikz.tex.gz	1186	gz	public-other
./public/bin/tikzjax/tex_files/tikz-3dplot.sty.gz	7870	gz	public-other
./public/bin/tikzjax/tex_files/tikz-cd.sty.gz	545	gz	public-other
./public/bin/tikzjax/tex_files/tikz-feynhand.sty.gz	775	gz	public-other
./public/bin/tikzjax/tex_files/tikzfeynhand.keys.code.tex.gz	4405	gz	public-other
./public/bin/tikzjax/tex_files/tikzfeynhand.sty.gz	775	gz	public-other
./public/bin/tikzjax/tex_files/tikzlibrary3d.code.tex.gz	842	gz	public-other
./public/bin/tikzjax/tex_files/tikzlibraryangles.code.tex.gz	947	gz	public-other
./public/bin/tikzjax/tex_files/tikzlibraryanimations.code.tex.gz	6455	gz	public-other
./public/bin/tikzjax/tex_files/tikzlibraryarrows.code.tex.gz	239	gz	public-other
./public/bin/tikzjax/tex_files/tikzlibraryautomata.code.tex.gz	1001	gz	public-other
./public/bin/tikzjax/tex_files/tikzlibrarybabel.code.tex.gz	265	gz	public-other
./public/bin/tikzjax/tex_files/tikzlibrarybackgrounds.code.tex.gz	1044	gz	public-other
./public/bin/tikzjax/tex_files/tikzlibrarybending.code.tex.gz	258	gz	public-other
./public/bin/tikzjax/tex_files/tikzlibrarycalc.code.tex.gz	3936	gz	public-other
./public/bin/tikzjax/tex_files/tikzlibrarycalendar.code.tex.gz	2395	gz	public-other
./public/bin/tikzjax/tex_files/tikzlibrarycd.code.tex.gz	6003	gz	public-other
./public/bin/tikzjax/tex_files/tikzlibrarychains.code.tex.gz	1566	gz	public-other
./public/bin/tikzjax/tex_files/tikzlibrarycircuits.code.tex.gz	2378	gz	public-other
./public/bin/tikzjax/tex_files/tikzlibrarycircuits.ee.IEC.code.tex.gz	1444	gz	public-other
./public/bin/tikzjax/tex_files/tikzlibrarycircuits.ee.code.tex.gz	1093	gz	public-other
./public/bin/tikzjax/tex_files/tikzlibrarycircuits.logic.CDH.code.tex.gz	318	gz	public-other
./public/bin/tikzjax/tex_files/tikzlibrarycircuits.logic.IEC.code.tex.gz	645	gz	public-other
./public/bin/tikzjax/tex_files/tikzlibrarycircuits.logic.US.code.tex.gz	555	gz	public-other
./public/bin/tikzjax/tex_files/tikzlibrarycircuits.logic.code.tex.gz	440	gz	public-other
./public/bin/tikzjax/tex_files/tikzlibrarydatavisualization.3d.code.tex.gz	752	gz	public-other
./public/bin/tikzjax/tex_files/tikzlibrarydatavisualization.barcharts.code.tex.gz	465	gz	public-other
./public/bin/tikzjax/tex_files/tikzlibrarydatavisualization.code.tex.gz	17062	gz	public-other
./public/bin/tikzjax/tex_files/tikzlibrarydatavisualization.formats.functions.code.tex.gz	265	gz	public-other
./public/bin/tikzjax/tex_files/tikzlibrarydatavisualization.polar.code.tex.gz	2644	gz	public-other
./public/bin/tikzjax/tex_files/tikzlibrarydatavisualization.sparklines.code.tex.gz	386	gz	public-other
./public/bin/tikzjax/tex_files/tikzlibrarydecorations.code.tex.gz	1564	gz	public-other
./public/bin/tikzjax/tex_files/tikzlibrarydecorations.footprints.code.tex.gz	233	gz	public-other
./public/bin/tikzjax/tex_files/tikzlibrarydecorations.fractals.code.tex.gz	231	gz	public-other
./public/bin/tikzjax/tex_files/tikzlibrarydecorations.markings.code.tex.gz	360	gz	public-other
./public/bin/tikzjax/tex_files/tikzlibrarydecorations.pathmorphing.code.tex.gz	234	gz	public-other
./public/bin/tikzjax/tex_files/tikzlibrarydecorations.pathreplacing.code.tex.gz	428	gz	public-other
./public/bin/tikzjax/tex_files/tikzlibrarydecorations.shapes.code.tex.gz	230	gz	public-other
./public/bin/tikzjax/tex_files/tikzlibrarydecorations.text.code.tex.gz	5265	gz	public-other
./public/bin/tikzjax/tex_files/tikzlibraryer.code.tex.gz	440	gz	public-other
./public/bin/tikzjax/tex_files/tikzlibraryfadings.code.tex.gz	553	gz	public-other
./public/bin/tikzjax/tex_files/tikzlibraryfeynhand.code.tex.gz	2630	gz	public-other
./public/bin/tikzjax/tex_files/tikzlibraryfit.code.tex.gz	1067	gz	public-other
./public/bin/tikzjax/tex_files/tikzlibraryfixedpointarithmetic.code.tex.gz	216	gz	public-other
./public/bin/tikzjax/tex_files/tikzlibraryfolding.code.tex.gz	5403	gz	public-other
./public/bin/tikzjax/tex_files/tikzlibraryfpu.code.tex.gz	218	gz	public-other
./public/bin/tikzjax/tex_files/tikzlibrarygraphs.code.tex.gz	16650	gz	public-other
./public/bin/tikzjax/tex_files/tikzlibrarygraphs.standard.code.tex.gz	876	gz	public-other
./public/bin/tikzjax/tex_files/tikzlibraryintersections.code.tex.gz	1526	gz	public-other
./public/bin/tikzjax/tex_files/tikzlibrarylindenmayersystems.code.tex.gz	904	gz	public-other
./public/bin/tikzjax/tex_files/tikzlibrarymath.code.tex.gz	3991	gz	public-other
./public/bin/tikzjax/tex_files/tikzlibrarymatrix.code.tex.gz	1278	gz	public-other
./public/bin/tikzjax/tex_files/tikzlibrarymindmap.code.tex.gz	3013	gz	public-other
./public/bin/tikzjax/tex_files/tikzlibrarypatterns.code.tex.gz	389	gz	public-other
./public/bin/tikzjax/tex_files/tikzlibrarypatterns.meta.code.tex.gz	1018	gz	public-other
./public/bin/tikzjax/tex_files/tikzlibraryperspective.code.tex.gz	1060	gz	public-other
./public/bin/tikzjax/tex_files/tikzlibrarypetri.code.tex.gz	1207	gz	public-other
./public/bin/tikzjax/tex_files/tikzlibraryplothandlers.code.tex.gz	242	gz	public-other
./public/bin/tikzjax/tex_files/tikzlibraryplotmarks.code.tex.gz	241	gz	public-other
./public/bin/tikzjax/tex_files/tikzlibrarypositioning.code.tex.gz	1168	gz	public-other
./public/bin/tikzjax/tex_files/tikzlibraryquotes.code.tex.gz	923	gz	public-other
./public/bin/tikzjax/tex_files/tikzlibraryrdf.code.tex.gz	1800	gz	public-other
./public/bin/tikzjax/tex_files/tikzlibraryscopes.code.tex.gz	439	gz	public-other
./public/bin/tikzjax/tex_files/tikzlibraryshadings.code.tex.gz	330	gz	public-other
./public/bin/tikzjax/tex_files/tikzlibraryshadows.code.tex.gz	760	gz	public-other
./public/bin/tikzjax/tex_files/tikzlibraryshapes.arrows.code.tex.gz	286	gz	public-other
./public/bin/tikzjax/tex_files/tikzlibraryshapes.callouts.code.tex.gz	445	gz	public-other
./public/bin/tikzjax/tex_files/tikzlibraryshapes.code.tex.gz	277	gz	public-other
./public/bin/tikzjax/tex_files/tikzlibraryshapes.gates.logic.IEC.code.tex.gz	457	gz	public-other
./public/bin/tikzjax/tex_files/tikzlibraryshapes.gates.logic.US.code.tex.gz	383	gz	public-other
./public/bin/tikzjax/tex_files/tikzlibraryshapes.geometric.code.tex.gz	246	gz	public-other
./public/bin/tikzjax/tex_files/tikzlibraryshapes.misc.code.tex.gz	242	gz	public-other
./public/bin/tikzjax/tex_files/tikzlibraryshapes.multipart.code.tex.gz	385	gz	public-other
./public/bin/tikzjax/tex_files/tikzlibraryshapes.symbols.code.tex.gz	300	gz	public-other
./public/bin/tikzjax/tex_files/tikzlibrarysnakes.code.tex.gz	820	gz	public-other
./public/bin/tikzjax/tex_files/tikzlibraryspy.code.tex.gz	1276	gz	public-other
./public/bin/tikzjax/tex_files/tikzlibrarysvg.path.code.tex.gz	452	gz	public-other
./public/bin/tikzjax/tex_files/tikzlibrarythrough.code.tex.gz	510	gz	public-other
./public/bin/tikzjax/tex_files/tikzlibrarytrees.code.tex.gz	953	gz	public-other
./public/bin/tikzjax/tex_files/tikzlibraryturtle.code.tex.gz	741	gz	public-other
./public/bin/tikzjax/tex_files/tikzlibraryviews.code.tex.gz	556	gz	public-other
./public/bin/tikzjax/tex_files/ueuex.fd.gz	583	gz	public-other
./public/bin/tikzjax/tex_files/ueuf.fd.gz	582	gz	public-other
./public/bin/tikzjax/tex_files/ueur.fd.gz	595	gz	public-other
./public/bin/tikzjax/tex_files/ueus.fd.gz	594	gz	public-other
./public/bin/tikzjax/tex_files/umsa.fd.gz	568	gz	public-other
./public/bin/tikzjax/tex_files/umsb.fd.gz	569	gz	public-other
./public/client/main.js	605	js	public-other
./public/client/streams.js	10011	js	public-other
./public/css/community.css	11699	css	public-css
./public/css/streams.css	2906	css	public-css
./public/css/style.css	86961	css	public-css
./public/fonts/TestTiemposText-Bold.otf	16560	otf	public-other
./public/fonts/TestTiemposText-BoldItalic.otf	17092	otf	public-other
./public/fonts/TestTiemposText-Medium.otf	16660	otf	public-other
./public/fonts/TestTiemposText-MediumItalic.otf	17252	otf	public-other
./public/fonts/TestTiemposText-Regular.otf	15660	otf	public-other
./public/fonts/TestTiemposText-RegularItalic.otf	16656	otf	public-other
./public/fonts/TestTiemposText-Semibold.otf	16500	otf	public-other
./public/fonts/TestTiemposText-SemiboldItalic.otf	17084	otf	public-other
./public/html/admin-prs.html	24058	html	public-html
./public/html/admin.html	585	html	public-html
./public/html/community.html	593	html	public-html
./public/html/settings.html	3445	html	public-html
./public/html/streams.html	5618	html	public-html
./public/html/volunteers.html	595	html	public-html
./public/js/app.js	88079	js	public-js
./public/js/theme.js	5408	js	public-js
./public/js/landing-docs.js	1698	js	public-js
./public/js/stream-runtime.js	2473	js	public-js
./public/js/raw-delivery.js	3600	js	public-js
./public/js/auth.js	11332	js	public-js
./public/js/config.js	338	js	public-js
./public/js/markdown-editor.js	30915	js	public-js
./public/js/markdown.js	3231	js	public-js
./public/js/md-init.js	5037	js	public-js
./public/js/mobile.js	9144	js	public-js
./public/js/modern-auth.js	7113	js	public-js
./public/js/obsidian-markdown-it.js	119565	js	public-js
./public/js/upload.js	23928	js	public-js
./public/json/commerce-tree.json	1758	json	generated-json
./public/json/humanities-tree.json	1127029	json	generated-json
./public/json/repo-registry.json	3214421	json	generated-json
./public/json/science-tree.json	1106026	json	generated-json
./public/manifest.json	280	json	public-other
./scripts/build-file-responsibility-manifest.mjs	24456	mjs	scripts
./service-worker.js	9486	js	root
./src/api/_shared.ts	6855	ts	src-api
./src/api/admin.ts	6899	ts	src-api
./src/api/auth.ts	17078	ts	src-api
./src/api/blob.ts	1794	ts	src-api
./src/api/community.ts	14162	ts	src-api
./src/api/config.ts	944	ts	src-api
./src/api/desmos.ts	1191	ts	src-api
./src/api/files-manifest.ts	4155	ts	src-api
./src/api/forum.ts	31449	ts	src-api
./src/api/gh.ts	2906	ts	src-api
./src/api/github-app.ts	2968	ts	src-api
./src/api/oauth.ts	9684	ts	src-api
./src/api/pages-fetch.ts	4473	ts	src-api
./src/api/pr-review.ts	4138	ts	src-api
./src/api/raw.ts	7122	ts	src-api
./src/api/refresh-signal.ts	4414	ts	src-api
./src/api/repo-registry.ts	11972	ts	src-api
./src/api/submit-pr.ts	10084	ts	src-api
./src/api/system.ts	11633	ts	src-api
./src/api/totp.ts	5698	ts	src-api
./src/api/webhooks/github-app.ts	7211	ts	src-api
./src/client/main.ts	699	ts	src-client
./src/client/streams.ts	9857	ts	src-client
./src/db/init_identity_schema.sql	2213	sql	src-db
./src/db/migrations/2026-08-15-add-banned-until.sql	247	sql	src-db
./src/db/migrations/2026-08-15-add-community-subject.sql	404	sql	src-db
./src/db/migrations/2026-08-15-init-and-pr-columns.sql	2004	sql	src-db
./src/lib/ai-markdown.ts	5941	ts	src-lib
./src/lib/db.ts	2038	ts	src-lib
./src/lib/github-app.ts	4692	ts	src-lib
./src/lib/metrics.ts	577	ts	src-lib
./src/lib/permissions.ts	3554	ts	src-lib
./src/lib/runtime-config.ts	1852	ts	src-lib
./src/lib/schemas/flashcard.json	319	json	src-lib
./src/lib/schemas/quiz.json	313	json	src-lib
./src/lib/shared-cache.ts	2431	ts	src-lib
./src/scripts/cleanup-stale-src-js.js	880	js	src-scripts
./src/scripts/generate-json-files.ts	7894	ts	src-scripts
./src/scripts/generate-version.js	3921	js	src-scripts
./src/scripts/json-fetch.ts	9523	ts	src-scripts
./src/scripts/migrate-db.js	1782	js	src-scripts
./src/server/README.md	532	md	src-server
./src/server/server.ts	5332	ts	src-server
./src/shims/pages-fetch.ts	3965	ts	src-other
./src/types/cookie-parser.d.ts	32	ts	src-other
./tests/admin.test.ts	2766	ts	tests
./tests/ai-markdown.test.ts	1905	ts	tests
./tests/check_stream_render.js	932	js	tests
./tests/community-moderation.test.ts	2590	ts	tests
./tests/community-subject.test.ts	349	ts	tests
./tests/community.test.ts	1240	ts	tests
./tests/endpoints-protection.test.ts	4372	ts	tests
./tests/frontend.streams.test.ts	2533	ts	tests
./tests/github-app-mock.test.ts	3361	ts	tests
./tests/github-app.test.ts	370	ts	tests
./tests/markdown-runtime.test.ts	2106	ts	tests
./tests/pages-registry.test.ts	1022	ts	tests
./tests/permissions.test.ts	4543	ts	tests
./tests/pr-submission.test.ts	696	ts	tests
./tests/raw-paths.test.ts	922	ts	tests
./tests/raw.js	3591	js	tests
./tests/refresh-signal.test.ts	2601	ts	tests
./tests/repo-registry-paths.test.ts	619	ts	tests
./tests/runtime-config.test.ts	1358	ts	tests
./tests/shared-cache.test.ts	1488	ts	tests
./tests/stream-routing.test.ts	1371	ts	tests
./tests/submit-pr.test.ts	1016	ts	tests
./tests/system.test.ts	3827	ts	tests
./tests/totp.test.ts	3725	ts	tests
./tests/webhooks/github-app.test.ts	2069	ts	tests
./tests/workspace.test.ts	2721	ts	tests
./tsconfig.client.compat.json	351	json	root
./tsconfig.client.json	503	json	root
./tsconfig.json	687	json	root
./tsconfig.server.json	782	json	root
./vercel.json	487	json	root
./version.json	137	json	root
./zipCreate.sh	1892	sh	root
./src/server/api-routes.ts	8159	ts	src-server
./src/server/observability.ts	3659	ts	src-server
./src/server/public-routes.ts	2832	ts	src-server
./src/server/startup.ts	2113	ts	src-server
./src/server/workspace-routes.ts	4607	ts	src-server
./tests/fmtree.test.ts	2552	ts	tests
